April,1,4,0,1,rjgzjrsivngubgcboikr
Javon,3,4,5,1,upvbuyqsorkcxqmpjhgf
Gia,2,1,4,4,btqycuwyxstpqdxlhzpi
Gavin,4,4,1,3,ptmodevfeomgodxwwduh
Emilie,2,0,1,5,pvleyiqprlkhopskopvl
Maximiliano,2,1,4,5,xpqggrrhbxpljbvafoal
Lane,5,0,5,4,vhmwcmnuokikmqeeiowx
Aryan,4,3,0,1,yrimyzvzviqlpmnukkuq
Imani,0,2,1,5,wgjmoajshqjxjccafmob
Alyson,0,4,4,1,zqwzbvduayyrvnxelari
Abraham,0,2,1,5,ubomkfglpyfmiksijebj
Victoria,2,0,3,0,yvknothwfkvjggxugrnv
Mariam,5,5,3,1,ppkxalzishwicqbxnofe
Eric,3,4,1,3,jirgshaqyaxtrvqnoauj
Aron,4,4,2,5,tdnacbsvdmdsecuxpwjm
Alexia,3,5,1,3,fqzognwinqtsgyfjgcgf
Marcos,4,1,1,0,aunmhczlrvucqkccygvu
Bennett,5,2,5,5,gbtnrbnrfxeekeokqmjj
Bria,5,2,1,3,zvpxuigdtqhmeqoyfalr
Janiyah,1,4,0,5,btlprrxosxwewzafzdzh
Jaxson,3,5,4,4,garogiancxuzmiyrwefg
Patricia,3,3,3,5,dsnymcawresijzlevgza
Elsa,5,1,2,0,pqaglvvwrcxykmtjggmd
Jairo,0,1,4,2,cjmcffquoifigdzzcdms
